"Time (s)","Latitude (°)","Longitude (°)","Height (m)","Velocity (m/s)","Direction (°)","Horizontal Accuracy (m)","Vertical Accuracy (m)"
2.135832600E-1,6.505444210E1,2.545720930E1,1.571617599E1,NaN,NaN,7.180699921E1,2.472832918E0
2.272297551E0,6.505433470E1,2.545646217E1,3.589608159E1,8.299999833E-1,3.209999847E1,6.203547478E0,1.010097408E1
2.931801822E0,6.505433894E1,2.545646848E1,3.594216215E1,8.299999833E-1,3.209999847E1,6.398552418E0,1.010097408E1
3.931527447E0,6.505416825E1,2.545645140E1,-3.369296350E0,8.700000048E-1,2.850000000E1,4.514050007E0,5.992606640E0
4.670516613E0,6.505420194E1,2.545644452E1,-3.145006865E-1,8.100000024E-1,2.839999962E1,3.790092468E0,4.487350941E0
5.670404946E0,6.505425083E1,2.545648877E1,5.211424834E0,8.600000143E-1,1.310000038E1,3.790092468E0,3.660993099E0
6.670864268E0,6.505426530E1,2.545649393E1,7.204644821E0,8.700000048E-1,8.899999619E0,3.790092468E0,3.625859022E0
7.670075674E0,6.505427879E1,2.545649637E1,8.914051426E0,7.799999714E-1,8.000000119E-1,3.790092468E0,3.270040274E0
8.670698538E0,6.505429076E1,2.545649542E1,8.202742933E0,8.999999762E-1,3.557000122E2,3.790092468E0,2.931118727E0
9.670310517E0,6.505430433E1,2.545649800E1,9.764444443E0,8.199999928E-1,5.000000000E0,3.790092468E0,2.593126535E0
1.067054395E1,6.505431603E1,2.545650398E1,1.005130574E1,8.000000119E-1,1.039999962E1,3.790092468E0,2.500000000E0
1.167093093E1,6.505432689E1,2.545650618E1,1.068863083E1,7.200000286E-1,3.546000061E2,3.790092468E0,2.500000000E0
1.267080317E1,6.505433575E1,2.545650347E1,1.094912512E1,7.099999785E-1,3.447000122E2,3.790092468E0,2.500000000E0
1.367007338E1,6.505434714E1,2.545650220E1,1.129299260E1,9.300000072E-1,3.590000000E2,3.790092468E0,2.500000000E0
1.467052546E1,6.505435323E1,2.545650816E1,1.050588148E1,5.199999809E-1,1.550000000E1,3.790092468E0,2.500000000E0
1.567054072E1,6.505436049E1,2.545651052E1,1.068056151E1,8.000000119E-1,3.571000061E2,3.790092468E0,2.500000000E0
1.667090109E1,6.505436754E1,2.545650924E1,1.086433547E1,6.100000143E-1,3.506000061E2,3.790092468E0,2.500000000E0
1.767052676E1,6.505437088E1,2.545651332E1,1.127400257E1,2.099999934E-1,2.200000048E0,3.790092468E0,2.500000000E0
1.867040572E1,6.505437611E1,2.545654470E1,1.228889644E1,1.440000057E0,6.270000076E1,3.790092468E0,2.500000000E0
1.967075682E1,6.505437900E1,2.545656366E1,1.257124595E1,5.299999714E-1,4.809999847E1,3.790092468E0,2.500000000E0
2.067049421E1,6.505438224E1,2.545656851E1,1.199714852E1,5.000000000E-1,3.502000122E2,3.790092468E0,2.500000000E0
2.167034484E1,6.505439154E1,2.545656242E1,1.200495674E1,1.120000005E0,3.402000122E2,3.790092468E0,2.500000000E0
2.267032036E1,6.505440326E1,2.545655357E1,1.189911626E1,1.100000024E0,3.411000061E2,3.790092468E0,2.500000000E0
2.367078608E1,6.505441005E1,2.545654564E1,1.159595114E1,4.199999869E-1,3.208999939E2,3.790092468E0,2.500000000E0
2.467007661E1,6.505441938E1,2.545653232E1,1.203991580E1,8.999999762E-1,3.238999939E2,3.790092468E0,2.500000000E0
2.567034619E1,6.505443190E1,2.545652382E1,1.250194613E1,9.300000072E-1,3.361000061E2,3.790092468E0,2.500000000E0
2.667037025E1,6.505444345E1,2.545651494E1,1.213060278E1,8.399999738E-1,3.341000061E2,3.790092468E0,2.500000000E0
2.767031483E1,6.505445452E1,2.545650229E1,1.202537249E1,8.799999952E-1,3.242000122E2,3.790092468E0,2.500000000E0
2.867091963E1,6.505446819E1,2.545649000E1,1.240128137E1,1.049999952E0,3.315000000E2,3.790092468E0,2.500000000E0
2.967011114E1,6.505448383E1,2.545647787E1,1.230978226E1,9.399999976E-1,3.335000000E2,3.790092468E0,2.500000000E0
3.067080608E1,6.505449510E1,2.545646702E1,1.287905160E1,9.399999976E-1,3.325000000E2,3.790092468E0,2.500000000E0
3.167090577E1,6.505450752E1,2.545645150E1,1.282588347E1,9.800000191E-1,3.208999939E2,3.790092468E0,2.500000000E0
3.266996431E1,6.505451805E1,2.545643535E1,1.217628047E1,9.700000286E-1,3.260000000E2,3.790092468E0,2.500000000E0
3.367007926E1,6.505453012E1,2.545642484E1,1.183771261E1,9.900000095E-1,3.322000122E2,3.790092468E0,2.500000000E0
3.467075936E1,6.505454096E1,2.545641745E1,1.252508552E1,9.499999881E-1,3.348999939E2,3.790092468E0,2.500000000E0
3.567048124E1,6.505455306E1,2.545640918E1,1.292626399E1,9.900000095E-1,3.382999878E2,3.790092468E0,2.500000000E0
3.667025092E1,6.505456449E1,2.545639907E1,1.331291615E1,1.009999990E0,3.326000061E2,3.790092468E0,2.500000000E0
3.767050113E1,6.505457667E1,2.545638954E1,1.354459983E1,1.009999990E0,3.357000122E2,3.790092468E0,2.500000000E0
3.867049405E1,6.505458764E1,2.545637995E1,1.420340799E1,9.800000191E-1,3.338999939E2,3.790092468E0,2.500000000E0
3.967072493E1,6.505459846E1,2.545636955E1,1.450125421E1,1.009999990E0,3.365000000E2,3.790092468E0,2.500000000E0
4.067030478E1,6.505460973E1,2.545635775E1,1.446560402E1,1.019999981E0,3.323999939E2,3.790092468E0,2.500000000E0
4.167048290E1,6.505462043E1,2.545634658E1,1.469875294E1,1.029999971E0,3.375000000E2,3.790092468E0,2.500000000E0
4.267024540E1,6.505463050E1,2.545633736E1,1.483522263E1,9.599999785E-1,3.390000000E2,3.790092468E0,2.500000000E0
4.367044561E1,6.505463737E1,2.545632672E1,1.461799468E1,7.599999905E-1,3.272999878E2,3.790092468E0,2.500000000E0
4.467056092E1,6.505464775E1,2.545631463E1,1.523224715E1,1.129999995E0,3.341000061E2,3.790092468E0,2.500000000E0
4.567044212E1,6.505465647E1,2.545630375E1,1.473126601E1,1.100000024E0,3.351000061E2,3.790092468E0,2.500000000E0
4.667001082E1,6.505466479E1,2.545629559E1,1.462530486E1,1.039999962E0,3.396000061E2,3.790092468E0,2.500000000E0
4.767079337E1,6.505467443E1,2.545628857E1,1.500884526E1,1.070000052E0,3.428999939E2,3.790092468E0,2.500000000E0
4.867065858E1,6.505468501E1,2.545628164E1,1.501042730E1,1.070000052E0,3.408999939E2,3.790092468E0,2.500000000E0
4.967020899E1,6.505469524E1,2.545627391E1,1.501670909E1,1.070000052E0,3.407999878E2,3.790092468E0,2.500000000E0
5.067068358E1,6.505470690E1,2.545626669E1,1.534366909E1,1.139999986E0,3.386000061E2,3.790092468E0,2.500000000E0
5.166993581E1,6.505471732E1,2.545625804E1,1.532004349E1,1.090000033E0,3.377999878E2,3.790092468E0,2.500000000E0
5.267050837E1,6.505472846E1,2.545624899E1,1.569100984E1,1.110000014E0,3.390000000E2,3.790092468E0,2.500000000E0
5.367063894E1,6.505473983E1,2.545624046E1,1.600008652E1,1.120000005E0,3.402999878E2,3.790092468E0,2.500000000E0
5.467047764E1,6.505475146E1,2.545623248E1,1.610091119E1,1.120000005E0,3.410000000E2,3.790092468E0,2.500000000E0
5.567084274E1,6.505476180E1,2.545622276E1,1.544300816E1,1.120000005E0,3.403999939E2,3.790092468E0,2.500000000E0
5.667085883E1,6.505477114E1,2.545621252E1,1.521888232E1,1.059999943E0,3.412000122E2,3.790092468E0,2.500000000E0
5.767009576E1,6.505478150E1,2.545620367E1,1.525439978E1,1.100000024E0,3.420000000E2,3.790092468E0,2.500000000E0
5.867077295E1,6.505479288E1,2.545619508E1,1.526702869E1,1.120000005E0,3.421000061E2,3.790092468E0,2.500000000E0
5.967077951E1,6.505480381E1,2.545618443E1,1.514916439E1,1.120000005E0,3.387999878E2,3.790092468E0,2.500000000E0
6.067007539E1,6.505481392E1,2.545617230E1,1.524376363E1,1.100000024E0,3.325000000E2,3.790092468E0,2.500000000E0
6.167021987E1,6.505482411E1,2.545616152E1,1.516105586E1,1.139999986E0,3.342000122E2,3.790092468E0,2.500000000E0
6.267085211E1,6.505483382E1,2.545614967E1,1.515909767E1,1.149999976E0,3.357999878E2,3.790092468E0,2.500000000E0
6.367018873E1,6.505484284E1,2.545613713E1,1.479599465E1,1.210000038E0,3.347000122E2,3.790092468E0,2.500000000E0
6.467070206E1,6.505485117E1,2.545612383E1,1.441641234E1,1.169999957E0,3.346000061E2,3.790092468E0,2.500000000E0
6.567074435E1,6.505485967E1,2.545611329E1,1.450387126E1,1.149999976E0,3.376000061E2,3.790092468E0,2.500000000E0
6.667027846E1,6.505486861E1,2.545610624E1,1.466054426E1,1.179999948E0,3.413999939E2,3.790092468E0,2.500000000E0
6.767003700E1,6.505487777E1,2.545609979E1,1.464021528E1,1.169999957E0,3.401000061E2,3.790092468E0,2.500000000E0
6.867036237E1,6.505488739E1,2.545608991E1,1.447565968E1,1.169999957E0,3.375000000E2,3.790092468E0,2.500000000E0
6.967058961E1,6.505489661E1,2.545607830E1,1.451062797E1,1.190000057E0,3.348999939E2,3.790092468E0,2.500000000E0
7.067032862E1,6.505490541E1,2.545606706E1,1.431921708E1,1.200000048E0,3.352999878E2,3.790092468E0,2.500000000E0
7.167042773E1,6.505491483E1,2.545605538E1,1.418218822E1,1.279999971E0,3.352000122E2,3.790092468E0,2.500000000E0
7.267079669E1,6.505492349E1,2.545604422E1,1.415532817E1,1.230000019E0,3.350000000E2,3.790092468E0,2.500000000E0
7.367005393E1,6.505493246E1,2.545603407E1,1.418187386E1,1.169999957E0,3.350000000E2,3.790092468E0,2.500000000E0
7.467031091E1,6.505494267E1,2.545602362E1,1.430564805E1,1.220000029E0,3.352000122E2,3.790092468E0,2.500000000E0
7.567045497E1,6.505495376E1,2.545601359E1,1.468253473E1,1.240000010E0,3.372999878E2,3.790092468E0,2.500000000E0
7.667091471E1,6.505496523E1,2.545600361E1,1.485574694E1,1.220000029E0,3.402000122E2,3.790092468E0,2.500000000E0
7.766991893E1,6.505497572E1,2.545599490E1,1.467104952E1,1.200000048E0,3.392999878E2,3.790092468E0,2.500000000E0
7.867058091E1,6.505498690E1,2.545598630E1,1.473586356E1,1.250000000E0,3.393999939E2,3.790092468E0,2.500000000E0
7.967074075E1,6.505499808E1,2.545597744E1,1.472383431E1,1.220000029E0,3.417000122E2,3.790092468E0,2.500000000E0
8.067049835E1,6.505500867E1,2.545597241E1,1.459516752E1,1.179999948E0,3.466000061E2,3.790092468E0,2.500000000E0
8.167028388E1,6.505501887E1,2.545596802E1,1.448011179E1,1.190000057E0,3.466000061E2,3.790092468E0,2.500000000E0
8.267020179E1,6.505502952E1,2.545596172E1,1.443481886E1,1.200000048E0,3.426000061E2,3.790092468E0,2.500000000E0
8.366994294E1,6.505503975E1,2.545595357E1,1.442016555E1,1.259999990E0,3.416000061E2,3.790092468E0,2.500000000E0
8.467068346E1,6.505505004E1,2.545594632E1,1.443779990E1,1.200000048E0,3.440000000E2,3.790092468E0,2.500000000E0
8.567042314E1,6.505506032E1,2.545594072E1,1.459911120E1,1.210000038E0,3.465000000E2,3.790092468E0,2.500000000E0
8.667033794E1,6.505507043E1,2.545593682E1,1.446989539E1,1.230000019E0,3.488999939E2,3.790092468E0,2.500000000E0
8.766996913E1,6.505508029E1,2.545593285E1,1.432151464E1,1.200000048E0,3.501000061E2,3.790092468E0,2.500000000E0
8.867082158E1,6.505509052E1,2.545592933E1,1.444028468E1,1.230000019E0,3.508999939E2,3.790092468E0,2.500000000E0
8.967067471E1,6.505510085E1,2.545592626E1,1.439474808E1,1.230000019E0,3.525000000E2,3.790092468E0,2.500000000E0
9.066997741E1,6.505511101E1,2.545592651E1,1.409481737E1,1.179999948E0,3.581000061E2,3.790092468E0,2.500000000E0
9.167071023E1,6.505512081E1,2.545593086E1,1.390407913E1,1.250000000E0,5.699999809E0,3.790092468E0,2.500000000E0
9.267031616E1,6.505513079E1,2.545593954E1,1.374056297E1,1.240000010E0,1.269999981E1,3.790092468E0,2.500000000E0
9.367015377E1,6.505513989E1,2.545595507E1,1.357826859E1,1.230000019E0,2.000000000E1,3.790092468E0,2.500000000E0
9.466983252E1,6.505514696E1,2.545597669E1,1.349336823E1,1.200000048E0,3.500000000E1,3.790092468E0,2.500000000E0
9.566997142E1,6.505515017E1,2.545600552E1,1.327095795E1,1.169999957E0,5.829999924E1,3.790092468E0,2.500000000E0
9.667079705E1,6.505514843E1,2.545603931E1,1.261709262E1,1.240000010E0,7.680000305E1,3.790092468E0,2.500000000E0
9.766990845E1,6.505514488E1,2.545607628E1,1.211496173E1,1.289999962E0,8.350000000E1,3.790092468E0,2.500000000E0
9.866994725E1,6.505514059E1,2.545611339E1,1.151303867E1,1.309999943E0,8.440000153E1,3.790092468E0,2.500000000E0
9.967080455E1,6.505513707E1,2.545614971E1,1.133701854E1,1.330000043E0,8.530000305E1,3.790092468E0,2.500000000E0
1.006706798E2,6.505513238E1,2.545618672E1,1.110716594E1,1.299999952E0,8.990000153E1,3.790092468E0,2.500000000E0
1.016704222E2,6.505512837E1,2.545622153E1,1.098369711E1,1.269999981E0,9.190000153E1,3.790092468E0,2.500000000E0
1.026708444E2,6.505512506E1,2.545625633E1,1.048919529E1,1.289999962E0,9.180000305E1,3.790092468E0,2.500000000E0
1.036703092E2,6.505512247E1,2.545628556E1,1.007220724E1,1.139999986E0,8.759999847E1,3.790092468E0,2.500000000E0
1.046699913E2,6.505512086E1,2.545631509E1,9.932806735E0,1.240000010E0,8.740000153E1,3.790092468E0,2.500000000E0
1.056708666E2,6.505511936E1,2.545634414E1,9.758066777E0,1.250000000E0,8.880000305E1,3.790092468E0,2.500000000E0
1.066707048E2,6.505511782E1,2.545637564E1,9.772841256E0,1.330000043E0,9.169999695E1,3.790092468E0,2.500000000E0
1.076705698E2,6.505511600E1,2.545640653E1,9.452960018E0,1.279999971E0,9.109999847E1,3.790092468E0,2.500000000E0
1.086703766E2,6.505511426E1,2.545643905E1,9.384604802E0,1.309999943E0,9.000000000E1,3.790092468E0,2.500000000E0
1.096699514E2,6.505511281E1,2.545647026E1,9.164821110E0,1.309999943E0,9.050000000E1,3.790092468E0,2.500000000E0
1.106706711E2,6.505511184E1,2.545650233E1,9.176787810E0,1.299999952E0,8.840000153E1,3.790092468E0,2.500000000E0
1.116707005E2,6.505511084E1,2.545653503E1,9.104831249E0,1.309999943E0,8.780000305E1,3.790092468E0,2.500000000E0
1.126706318E2,6.505510954E1,2.545656707E1,8.981238993E0,1.330000043E0,9.000000000E1,3.790092468E0,2.500000000E0
1.136701145E2,6.505510746E1,2.545660146E1,8.873638504E0,1.409999967E0,8.880000305E1,3.790092468E0,2.500000000E0
1.146705825E2,6.505510651E1,2.545663746E1,8.953842921E0,1.480000019E0,9.040000153E1,3.790092468E0,2.500000000E0
1.156700430E2,6.505510521E1,2.545667257E1,8.789052262E0,1.429999948E0,9.090000153E1,3.790092468E0,2.500000000E0
1.166706600E2,6.505510369E1,2.545670786E1,8.616082998E0,1.409999967E0,9.130000305E1,3.790092468E0,2.500000000E0
1.176701668E2,6.505510148E1,2.545674357E1,8.564451938E0,1.450000048E0,9.359999847E1,3.790092468E0,2.500000000E0
1.186707678E2,6.505509849E1,2.545677844E1,8.593936817E0,1.470000029E0,9.390000153E1,3.790092468E0,2.500000000E0
1.196703839E2,6.505509714E1,2.545681254E1,8.632637280E0,1.480000019E0,9.080000305E1,3.790092468E0,2.500000000E0
1.206700619E2,6.505509727E1,2.545684523E1,8.648692971E0,1.490000010E0,8.859999847E1,3.790092468E0,2.500000000E0
1.216708079E2,6.505509798E1,2.545687640E1,8.445204816E0,1.429999948E0,8.669999695E1,3.790092468E0,2.500000000E0
1.226701286E2,6.505509887E1,2.545690701E1,8.394609598E0,1.450000048E0,8.680000305E1,3.790092468E0,2.500000000E0
1.236699376E2,6.505509941E1,2.545694082E1,8.335408901E0,1.519999981E0,8.650000000E1,3.790092468E0,2.500000000E0
1.246707131E2,6.505509973E1,2.545697316E1,8.181786746E0,1.529999971E0,8.759999847E1,3.790092468E0,2.500000000E0
1.256704707E2,6.505509896E1,2.545700665E1,8.183621683E0,1.549999952E0,9.140000153E1,3.790092468E0,2.500000000E0
1.266701394E2,6.505509833E1,2.545704128E1,8.194550926E0,1.580000043E0,8.980000305E1,3.790092468E0,2.500000000E0
1.276704967E2,6.505509859E1,2.545707695E1,8.267308545E0,1.590000033E0,8.750000000E1,3.790092468E0,2.500000000E0
1.286702418E2,6.505509830E1,2.545711218E1,8.387307543E0,1.519999981E0,8.900000000E1,3.790092468E0,2.500000000E0
1.296699347E2,6.505509840E1,2.545714450E1,8.113018968E0,1.509999990E0,9.050000000E1,3.790092468E0,2.500000000E0
1.306705609E2,6.505509829E1,2.545717792E1,8.100998660E0,1.580000043E0,9.069999695E1,3.790092468E0,2.500000000E0
1.316707345E2,6.505509920E1,2.545720881E1,7.800891745E0,1.529999971E0,8.950000000E1,3.790092468E0,2.500000000E0
1.326705203E2,6.505509961E1,2.545724108E1,7.890921891E0,1.590000033E0,9.090000153E1,3.790092468E0,2.500000000E0
1.336707077E2,6.505509945E1,2.545727433E1,7.902033908E0,1.629999995E0,9.300000000E1,3.790092468E0,2.500000000E0
1.346704535E2,6.505509897E1,2.545730691E1,7.851256329E0,1.539999962E0,9.340000153E1,3.790092468E0,2.500000000E0
1.356705648E2,6.505509998E1,2.545733531E1,7.906312683E0,1.529999971E0,9.019999695E1,3.790092468E0,2.500000000E0
1.366701539E2,6.505510200E1,2.545736085E1,7.772342458E0,1.450000048E0,8.940000153E1,3.790092468E0,2.500000000E0
1.376705665E2,6.505510334E1,2.545739042E1,7.852423223E0,1.549999952E0,8.859999847E1,3.790092468E0,2.500000000E0
1.386701168E2,6.505510569E1,2.545741870E1,7.741646521E0,1.509999990E0,8.669999695E1,3.790092468E0,2.500000000E0
1.396705710E2,6.505510820E1,2.545744527E1,7.718638130E0,1.509999990E0,8.600000000E1,3.790092468E0,2.500000000E0
1.406702932E2,6.505510944E1,2.545747399E1,7.843091401E0,1.440000057E0,8.909999847E1,3.790092468E0,2.500000000E0
1.416700709E2,6.505510939E1,2.545750567E1,7.799393637E0,1.529999971E0,9.159999847E1,3.790092468E0,2.500000000E0
1.426707787E2,6.505510964E1,2.545753758E1,7.590656718E0,1.539999962E0,9.009999847E1,3.790092468E0,2.500000000E0
1.436699864E2,6.505511001E1,2.545757053E1,7.493858340E0,1.580000043E0,9.040000153E1,3.790092468E0,2.500000000E0
1.446707035E2,6.505510998E1,2.545760117E1,7.382533504E0,1.509999990E0,9.130000305E1,3.790092468E0,2.500000000E0
1.456705130E2,6.505511020E1,2.545763171E1,7.292692934E0,1.480000019E0,9.200000000E1,3.790092468E0,2.500000000E0
1.466703210E2,6.505511006E1,2.545766093E1,7.391084786E0,1.429999948E0,9.109999847E1,3.790092468E0,2.500000000E0
1.476701129E2,6.505510927E1,2.545769205E1,7.670873579E0,1.480000019E0,9.069999695E1,3.790092468E0,2.500000000E0
1.486708508E2,6.505510898E1,2.545772431E1,7.647927923E0,1.500000000E0,9.140000153E1,3.790092468E0,2.500000000E0
1.496705783E2,6.505510780E1,2.545775902E1,7.811628385E0,1.559999943E0,9.400000000E1,3.790092468E0,2.500000000E0
1.506706740E2,6.505510692E1,2.545779398E1,7.822435690E0,1.559999943E0,9.230000305E1,3.790092468E0,2.500000000E0
1.516702561E2,6.505510620E1,2.545782767E1,7.682363890E0,1.529999971E0,9.159999847E1,3.790092468E0,2.500000000E0
1.526702775E2,6.505510657E1,2.545785920E1,7.702935966E0,1.509999990E0,8.980000305E1,3.790092468E0,2.500000000E0
1.536700417E2,6.505510728E1,2.545789073E1,7.720456151E0,1.490000010E0,8.869999695E1,3.790092468E0,2.500000000E0
1.546699172E2,6.505510712E1,2.545792392E1,7.787659470E0,1.519999981E0,9.140000153E1,3.790092468E0,2.500000000E0
1.556703932E2,6.505510711E1,2.545795591E1,7.996097954E0,1.509999990E0,9.119999695E1,3.790092468E0,2.500000000E0
1.566707273E2,6.505510716E1,2.545798272E1,7.878730196E0,1.409999967E0,9.130000305E1,3.790092468E0,2.500000000E0
1.576706071E2,6.505510713E1,2.545801220E1,8.009165490E0,1.470000029E0,8.940000153E1,3.790092468E0,2.500000000E0
1.586698388E2,6.505510766E1,2.545804022E1,7.944043768E0,1.370000005E0,8.890000153E1,3.790092468E0,2.500000000E0
1.596703084E2,6.505510780E1,2.545806980E1,7.918229006E0,1.500000000E0,9.190000153E1,3.790092468E0,2.500000000E0
1.606707953E2,6.505510719E1,2.545809881E1,8.101459886E0,1.419999957E0,9.390000153E1,3.790092468E0,2.500000000E0
1.616708003E2,6.505510613E1,2.545812765E1,8.144493168E0,1.389999986E0,9.290000153E1,3.790092468E0,2.500000000E0
1.626704892E2,6.505510635E1,2.545815850E1,8.152675093E0,1.450000048E0,8.940000153E1,3.790092468E0,2.500000000E0
1.636702155E2,6.505510722E1,2.545818904E1,8.165190227E0,1.440000057E0,8.709999847E1,3.790092468E0,2.500000000E0
1.646699586E2,6.505510867E1,2.545822210E1,8.153840659E0,1.470000029E0,8.609999847E1,3.790092468E0,2.500000000E0
1.656708442E2,6.505510996E1,2.545825406E1,8.193638497E0,1.509999990E0,8.369999695E1,3.790092468E0,2.500000000E0
1.666708633E2,6.505511188E1,2.545828547E1,8.262427729E0,1.480000019E0,8.330000305E1,3.790092468E0,2.500000000E0
1.676705218E2,6.505511297E1,2.545831726E1,8.271341838E0,1.470000029E0,8.480000305E1,3.790092468E0,2.500000000E0
1.686701766E2,6.505511357E1,2.545834968E1,8.302534036E0,1.480000019E0,8.459999847E1,3.790092468E0,2.500000000E0
1.696708557E2,6.505511527E1,2.545838058E1,8.383896542E0,1.490000010E0,8.069999695E1,3.790092468E0,2.500000000E0
1.706729895E2,6.505511817E1,2.545839818E1,8.350572100E0,6.999999881E-1,7.359999847E1,3.790092468E0,2.500000000E0
1.716706114E2,6.505513285E1,2.545838773E1,8.168253254E0,1.210000038E0,4.270000076E1,3.790092468E0,2.500000000E0
1.726703802E2,6.505514171E1,2.545839326E1,7.987464262E0,9.599999785E-1,2.939999962E1,3.790092468E0,2.500000000E0
1.736701683E2,6.505515579E1,2.545839587E1,8.062349194E0,1.500000000E0,1.939999962E1,3.790092468E0,2.500000000E0
1.746699853E2,6.505517042E1,2.545839568E1,8.069240449E0,1.419999957E0,1.269999981E1,3.790092468E0,2.500000000E0
1.756707583E2,6.505518582E1,2.545838972E1,8.228230396E0,1.519999981E0,2.599999905E0,3.790092468E0,2.500000000E0
1.766706247E2,6.505520063E1,2.545837709E1,8.324475718E0,1.519999981E0,3.550000000E2,3.790092468E0,2.500000000E0
1.776707407E2,6.505521453E1,2.545836348E1,8.620367285E0,1.460000038E0,3.506000061E2,3.790092468E0,2.500000000E0
1.786704724E2,6.505522753E1,2.545834847E1,8.773497822E0,1.429999948E0,3.472000122E2,3.790092468E0,2.500000000E0
1.796703011E2,6.505524067E1,2.545833345E1,8.990410041E0,1.460000038E0,3.448999939E2,3.790092468E0,2.500000000E0
1.806700846E2,6.505525420E1,2.545831840E1,9.345139488E0,1.500000000E0,3.427999878E2,3.790092468E0,2.500000000E0
1.816707432E2,6.505526672E1,2.545830351E1,9.506998251E0,1.409999967E0,3.408999939E2,3.790092468E0,2.500000000E0
1.826708008E2,6.505527978E1,2.545828857E1,9.820162950E0,1.450000048E0,3.406000061E2,3.790092468E0,2.500000000E0
1.836706827E2,6.505529304E1,2.545827382E1,1.002755367E1,1.470000029E0,3.376000061E2,3.790092468E0,2.500000000E0
1.846705220E2,6.505530658E1,2.545825886E1,1.027370157E1,1.470000029E0,3.351000061E2,3.790092468E0,2.500000000E0
1.856702643E2,6.505531908E1,2.545824365E1,1.035987672E1,1.460000038E0,3.345000000E2,3.790092468E0,2.500000000E0
1.866699894E2,6.505533099E1,2.545822765E1,1.048755591E1,1.450000048E0,3.357000122E2,3.790092468E0,2.500000000E0
1.876701202E2,6.505534243E1,2.545821437E1,1.085620237E1,1.450000048E0,3.375000000E2,3.790092468E0,2.500000000E0
1.886706092E2,6.505535442E1,2.545820227E1,1.090014172E1,1.460000038E0,3.377999878E2,3.790092468E0,2.500000000E0
1.896708415E2,6.505536619E1,2.545818984E1,1.098180084E1,1.440000057E0,3.370000000E2,3.790092468E0,2.500000000E0
1.906705950E2,6.505537807E1,2.545817614E1,1.111942902E1,1.460000038E0,3.352000122E2,3.790092468E0,2.500000000E0
1.916706299E2,6.505539006E1,2.545816173E1,1.104843892E1,1.470000029E0,3.337000122E2,3.790092468E0,2.500000000E0
1.926702642E2,6.505540252E1,2.545814653E1,1.116970929E1,1.480000019E0,3.346000061E2,3.790092468E0,2.500000000E0
1.936703365E2,6.505541529E1,2.545813326E1,1.150545728E1,1.490000010E0,3.357999878E2,3.790092468E0,2.500000000E0
1.946709170E2,6.505542749E1,2.545811954E1,1.135365662E1,1.419999957E0,3.337000122E2,3.790092468E0,2.500000000E0
1.956705930E2,6.505543896E1,2.545810593E1,1.122974933E1,1.419999957E0,3.325000000E2,3.790092468E0,2.500000000E0
1.966702072E2,6.505545079E1,2.545809250E1,1.135938195E1,1.450000048E0,3.347000122E2,3.790092468E0,2.500000000E0
1.976701745E2,6.505546266E1,2.545807923E1,1.144714445E1,1.370000005E0,3.373999939E2,3.790092468E0,2.500000000E0
1.986705487E2,6.505547462E1,2.545806706E1,1.155730694E1,1.379999995E0,3.372000122E2,3.790092468E0,2.500000000E0
1.996703367E2,6.505548712E1,2.545805611E1,1.150560412E1,1.429999948E0,3.375000000E2,3.790092468E0,2.500000000E0
2.006706162E2,6.505550053E1,2.545804585E1,1.133366176E1,1.470000029E0,3.377000122E2,3.790092468E0,2.500000000E0
2.016706807E2,6.505551369E1,2.545803440E1,1.164108948E1,1.490000010E0,3.365000000E2,3.790092468E0,2.500000000E0
2.026703053E2,6.505552729E1,2.545802171E1,1.166232306E1,1.480000019E0,3.361000061E2,3.790092468E0,2.500000000E0
2.036700453E2,6.505554091E1,2.545801036E1,1.170485803E1,1.509999990E0,3.368999939E2,3.790092468E0,2.500000000E0
2.046707924E2,6.505555421E1,2.545799953E1,1.176857239E1,1.480000019E0,3.405000000E2,3.790092468E0,2.500000000E0
2.056704549E2,6.505556769E1,2.545798978E1,1.178162761E1,1.529999971E0,3.422000122E2,3.790092468E0,2.500000000E0
2.066702262E2,6.505558089E1,2.545798071E1,1.169257120E1,1.549999952E0,3.418999939E2,3.790092468E0,2.500000000E0
2.076703729E2,6.505559429E1,2.545797281E1,1.201074140E1,1.559999943E0,3.455000000E2,3.790092468E0,2.500000000E0
2.086702200E2,6.505560754E1,2.545796747E1,1.187133136E1,1.509999990E0,3.482999878E2,3.790092468E0,2.500000000E0
2.096700542E2,6.505562082E1,2.545796260E1,1.178654783E1,1.559999943E0,3.506000061E2,3.790092468E0,2.500000000E0
2.106708526E2,6.505563415E1,2.545796009E1,1.155192322E1,1.500000000E0,3.532999878E2,3.790092468E0,2.500000000E0
2.116705525E2,6.505563812E1,2.545796357E1,1.073264715E1,2.800000012E-1,3.582000122E2,3.790092468E0,2.500000000E0
2.126703617E2,6.505565157E1,2.545796805E1,1.070554278E1,1.639999986E0,3.582999878E2,3.790092468E0,2.500000000E0
2.136700106E2,6.505566611E1,2.545796981E1,1.076480244E1,1.440000057E0,3.562999878E2,3.790092468E0,2.765417814E0
2.146707570E2,6.505568126E1,2.545797277E1,1.008492624E1,1.519999981E0,3.571000061E2,3.790092468E0,2.834770203E0
2.156705526E2,6.505569539E1,2.545797376E1,9.746480899E0,1.590000033E0,3.583999939E2,3.790092468E0,2.722245932E0
2.166702340E2,6.505570981E1,2.545797342E1,9.509475730E0,1.629999995E0,3.582999878E2,3.790092468E0,2.936943293E0
2.176700017E2,6.505572554E1,2.545797483E1,9.345163109E0,1.740000010E0,2.000000000E0,3.790092468E0,2.667053938E0
2.186707375E2,6.505574262E1,2.545797780E1,9.284121614E0,1.809999943E0,3.500000000E0,3.790092468E0,2.500000000E0
2.196707320E2,6.505575523E1,2.545797745E1,8.487241661E0,1.429999948E0,1.000000000E0,3.790092468E0,2.500000000E0
2.206699878E2,6.505576588E1,2.545797492E1,8.456963800E0,1.379999995E0,3.581000061E2,3.790092468E0,2.500000000E0
2.216700649E2,6.505577862E1,2.545797436E1,8.781360629E0,1.450000048E0,6.000000238E-1,3.790092468E0,2.500000000E0
2.226705555E2,6.505579005E1,2.545797595E1,8.976119529E0,1.419999957E0,6.099999905E0,3.790092468E0,2.545649529E0
2.236705311E2,6.505580153E1,2.545797804E1,8.640849165E0,1.389999986E0,7.099999905E0,3.790092468E0,2.763130188E0
2.246708453E2,6.505581345E1,2.545797836E1,8.613683909E0,1.379999995E0,2.799999952E0,3.790092468E0,2.915317774E0
2.256707962E2,6.505582519E1,2.545797629E1,8.358002840E0,1.360000014E0,1.399999976E0,3.790092468E0,3.059093475E0
2.266700441E2,6.505583693E1,2.545797447E1,7.824978048E0,1.350000024E0,3.582000122E2,3.790092468E0,3.163172483E0
2.276699531E2,6.505584883E1,2.545797493E1,7.844138498E0,1.350000024E0,2.000000000E0,3.790092468E0,3.308794260E0
2.286701177E2,6.505586057E1,2.545797640E1,7.688860643E0,1.320000052E0,2.299999952E0,3.790092468E0,3.526257753E0
2.296707915E2,6.505587236E1,2.545797323E1,7.257886467E0,1.320000052E0,3.573999939E2,3.790092468E0,3.673685074E0
2.306705392E2,6.505588472E1,2.545797001E1,6.986457963E0,1.330000043E0,3.586000061E2,3.827010393E0,3.660730124E0
2.316699221E2,6.505589701E1,2.545796747E1,6.623293719E0,1.320000052E0,2.900000095E0,3.790092468E0,3.384849787E0
2.326701814E2,6.505591408E1,2.545796722E1,7.710689382E0,1.409999967E0,6.000000000E0,3.790092468E0,3.252283096E0
2.336709067E2,6.505593251E1,2.545796556E1,8.187122449E0,1.470000029E0,4.000000060E-1,3.790092468E0,2.765080452E0
2.346699059E2,6.505594890E1,2.545796142E1,7.952984755E0,1.379999995E0,3.582999878E2,3.790092468E0,2.500000000E0
2.356706601E2,6.505596657E1,2.545796039E1,8.605809787E0,1.480000019E0,1.700000048E0,3.790092468E0,2.500000000E0
2.366705553E2,6.505598149E1,2.545796385E1,8.837066550E0,1.490000010E0,4.900000095E0,3.790092468E0,2.500000000E0
2.376708078E2,6.505599536E1,2.545796908E1,8.300928895E0,1.490000010E0,6.400000095E0,3.790092468E0,2.500000000E0
2.386704285E2,6.505600790E1,2.545797356E1,8.289388844E0,1.440000057E0,6.800000191E0,3.790092468E0,2.500000000E0
2.396700108E2,6.505602077E1,2.545798323E1,8.056474713E0,1.519999981E0,1.050000000E1,3.790092468E0,2.500000000E0
2.406702514E2,6.505603309E1,2.545799486E1,7.898695285E0,1.470000029E0,1.389999962E1,3.790092468E0,2.500000000E0
2.416705651E2,6.505604598E1,2.545801094E1,8.021555763E0,1.549999952E0,2.050000000E1,3.790092468E0,2.500000000E0
2.426706219E2,6.505605834E1,2.545803248E1,8.074104536E0,1.480000019E0,3.139999962E1,3.790092468E0,2.500000000E0
2.436699540E2,6.505606763E1,2.545806246E1,7.738227681E0,1.480000019E0,4.900000000E1,3.790092468E0,2.500000000E0
2.446707617E2,6.505607293E1,2.545809904E1,7.654550359E0,1.590000033E0,6.619999695E1,3.790092468E0,2.500000000E0
2.456705823E2,6.505607557E1,2.545813992E1,7.506787622E0,1.659999967E0,7.809999847E1,3.790092468E0,2.500000000E0
2.466698729E2,6.505607544E1,2.545818153E1,7.175493330E0,1.710000038E0,8.740000153E1,3.790092468E0,2.500000000E0
2.476699924E2,6.505607316E1,2.545822358E1,6.658286836E0,1.740000010E0,9.369999695E1,3.790092468E0,2.500000000E0
2.486702420E2,6.505607018E1,2.545826790E1,6.177213672E0,1.809999943E0,9.459999847E1,3.790092468E0,2.500000000E0
2.496702236E2,6.505606718E1,2.545831286E1,5.877231893E0,1.789999962E0,9.569999695E1,3.790092468E0,2.500000000E0
2.506706009E2,6.505606437E1,2.545835749E1,5.560160160E0,1.740000010E0,9.459999847E1,3.790092468E0,2.500000000E0
2.516705757E2,6.505606258E1,2.545840329E1,5.375900656E0,1.779999971E0,9.590000153E1,3.790092468E0,2.500000000E0
2.526708517E2,6.505606056E1,2.545844765E1,5.292715305E0,1.799999952E0,9.940000153E1,3.790092468E0,2.500000000E0
2.536702195E2,6.505606124E1,2.545848581E1,5.281488684E0,1.789999962E0,9.480000305E1,3.790092468E0,2.500000000E0
2.546705957E2,6.505606346E1,2.545851341E1,5.707149974E0,1.460000038E0,9.309999847E1,3.790092468E0,2.500000000E0
2.556701868E2,6.505606500E1,2.545854454E1,5.844542866E0,1.649999976E0,9.269999695E1,3.790092468E0,2.711122513E0
2.566702433E2,6.505606566E1,2.545857929E1,5.929873502E0,1.710000038E0,9.350000000E1,4.867235661E0,3.140427351E0
2.576701515E2,6.505606499E1,2.545861105E1,5.864264393E0,1.629999995E0,9.530000305E1,6.444478989E0,3.518474102E0
2.586704253E2,6.505606438E1,2.545863614E1,5.884286865E0,1.450000048E0,9.580000305E1,7.147599697E0,3.832490921E0
2.596703039E2,6.505606901E1,2.545866598E1,6.024486033E0,1.529999971E0,8.700000000E1,8.507870674E0,4.059543133E0
2.606701988E2,6.505606894E1,2.545869755E1,6.008803427E0,1.549999952E0,9.359999847E1,9.157600403E0,4.248918533E0
2.616699787E2,6.505606623E1,2.545872822E1,5.472797045E0,1.490000010E0,9.890000153E1,9.213574409E0,4.260155678E0
2.626706833E2,6.505605774E1,2.545875843E1,4.941797745E0,1.549999952E0,1.110999985E2,9.035579681E0,4.333434582E0
2.636705264E2,6.505604850E1,2.545878588E1,4.849030861E0,1.470000029E0,1.163000031E2,9.553390503E0,4.460335255E0
2.646704764E2,6.505604079E1,2.545881281E1,4.609595845E0,1.450000048E0,1.140000000E2,1.022203541E1,4.616049767E0
2.656699520E2,6.505603826E1,2.545884510E1,4.719524625E0,1.519999981E0,1.001999969E2,1.070743179E1,4.660412788E0
2.666703326E2,6.505603714E1,2.545887721E1,4.474167192E0,1.440000057E0,9.480000305E1,1.152123928E1,4.825646877E0
2.676705854E2,6.505604212E1,2.545891086E1,4.777452572E0,1.570000052E0,7.700000000E1,1.196431732E1,4.865361214E0
2.686709133E2,6.505603973E1,2.545894879E1,4.524039619E0,1.720000029E0,9.130000305E1,1.184527016E1,5.040211678E0
2.696701510E2,6.505603974E1,2.545898527E1,4.507197843E0,1.600000024E0,9.459999847E1,1.152064705E1,5.121723175E0
2.706704879E2,6.505603669E1,2.545902828E1,4.521546925E0,1.539999962E0,9.450000000E1,9.363595963E0,4.791790009E0
2.716713154E2,6.505602676E1,2.545906817E1,4.192758698E0,1.529999971E0,9.619999695E1,8.923551559E0,4.844251633E0
2.726717674E2,6.505601725E1,2.545910917E1,3.688738492E0,1.549999952E0,9.240000153E1,8.934685707E0,4.814288139E0
2.736710238E2,6.505600866E1,2.545913686E1,3.948693546E0,1.450000048E0,9.559999847E1,8.364809036E0,4.563429832E0
2.746714926E2,6.505600837E1,2.545918454E1,5.805266177E0,1.559999943E0,9.669999695E1,7.298326492E0,4.056075096E0
2.756709535E2,6.505601169E1,2.545924089E1,7.041293906E0,1.570000052E0,9.669999695E1,6.261863232E0,3.514064312E0
2.766713368E2,6.505601724E1,2.545930420E1,7.816811264E0,1.600000024E0,9.280000305E1,5.328056812E0,3.060935259E0
2.776711549E2,6.505602407E1,2.545935481E1,8.147868749E0,1.570000052E0,8.709999847E1,4.271502495E0,2.519143105E0
2.786712702E2,6.505602923E1,2.545939700E1,7.962019238E0,1.549999952E0,8.609999847E1,3.860791683E0,2.500000000E0
2.796711543E2,6.505603137E1,2.545943832E1,7.662767487E0,1.559999943E0,8.880000305E1,3.790092468E0,2.500000000E0
2.806715375E2,6.505603117E1,2.545946928E1,6.827932034E0,1.580000043E0,9.130000305E1,3.790092468E0,2.500000000E0
2.816715801E2,6.505602972E1,2.545950046E1,6.889154218E0,1.620000005E0,9.519999695E1,3.790092468E0,2.500000000E0
2.826717302E2,6.505602712E1,2.545952910E1,6.390745228E0,1.500000000E0,9.619999695E1,3.790092468E0,2.500000000E0
2.836717710E2,6.505602526E1,2.545955913E1,6.180727213E0,1.570000052E0,9.490000153E1,3.790092468E0,2.500000000E0
2.846713733E2,6.505602347E1,2.545958957E1,5.710333238E0,1.559999943E0,9.680000305E1,3.790092468E0,2.500000000E0
2.856718075E2,6.505602065E1,2.545962084E1,5.788828913E0,1.559999943E0,9.900000000E1,3.790092468E0,2.500000000E0
2.866717361E2,6.505601779E1,2.545965384E1,5.633560142E0,1.580000043E0,9.880000305E1,3.790092468E0,2.500000000E0
2.876719153E2,6.505601546E1,2.545968792E1,5.564900167E0,1.580000043E0,9.819999695E1,3.790092468E0,2.500000000E0
2.886717871E2,6.505601387E1,2.545972214E1,5.583947440E0,1.610000014E0,9.719999695E1,3.790092468E0,2.500000000E0
2.896718000E2,6.505601193E1,2.545975521E1,5.439481540E0,1.559999943E0,1.005000000E2,3.790092468E0,2.500000000E0
2.906712167E2,6.505600933E1,2.545978831E1,5.702547639E0,1.590000033E0,1.028000031E2,3.790092468E0,2.500000000E0
2.916716225E2,6.505600661E1,2.545982139E1,5.606727063E0,1.529999971E0,1.023000031E2,3.790092468E0,2.500000000E0
2.926710435E2,6.505600365E1,2.545985448E1,5.572552089E0,1.549999952E0,1.038000031E2,3.790092468E0,2.500000000E0
2.936716182E2,6.505599992E1,2.545988794E1,5.729783704E0,1.549999952E0,1.055999985E2,3.790092468E0,2.500000000E0
2.946718391E2,6.505599541E1,2.545991989E1,5.556388017E0,1.519999981E0,1.076999969E2,3.790092468E0,2.500000000E0
2.956712569E2,6.505599062E1,2.545995026E1,5.633968830E0,1.470000029E0,1.090999985E2,3.790092468E0,2.500000000E0
2.966711370E2,6.505598655E1,2.545998121E1,5.714296009E0,1.519999981E0,1.075999985E2,3.790092468E0,2.500000000E0
2.976715060E2,6.505598231E1,2.546001376E1,5.641913465E0,1.529999971E0,1.063000031E2,3.790092468E0,2.500000000E0
2.986710144E2,6.505597798E1,2.546004503E1,5.697338434E0,1.480000019E0,1.089000015E2,3.790092468E0,2.500000000E0
2.996712847E2,6.505597288E1,2.546007641E1,5.883012738E0,1.509999990E0,1.099000015E2,3.790092468E0,2.500000000E0
3.006715566E2,6.505596816E1,2.546010797E1,5.988364648E0,1.470000029E0,1.068000031E2,3.790092468E0,2.500000000E0
3.016715448E2,6.505596472E1,2.546014067E1,6.083828488E0,1.529999971E0,1.070999985E2,3.790092468E0,2.500000000E0
3.026710264E2,6.505596113E1,2.546016945E1,6.177399874E0,1.340000033E0,1.080000000E2,3.790092468E0,2.500000000E0
3.036711616E2,6.505595658E1,2.546019738E1,6.335241561E0,1.409999967E0,1.086999969E2,3.790092468E0,2.500000000E0
3.046714322E2,6.505595063E1,2.546022475E1,6.439983144E0,1.389999986E0,1.129000015E2,3.790092468E0,2.500000000E0
3.056709752E2,6.505594370E1,2.546025467E1,6.570970499E0,1.470000029E0,1.150000000E2,3.790092468E0,2.500000000E0
3.066711847E2,6.505593687E1,2.546028532E1,6.607597541E0,1.490000010E0,1.113000031E2,3.790092468E0,2.500000000E0
3.076710689E2,6.505593115E1,2.546031634E1,6.537046458E0,1.440000057E0,1.086999969E2,3.790092468E0,2.500000000E0
3.086713347E2,6.505592573E1,2.546035021E1,6.764835410E0,1.570000052E0,1.084000015E2,3.790092468E0,2.500000000E0
3.096717545E2,6.505592022E1,2.546038313E1,6.820077906E0,1.509999990E0,1.095999985E2,3.790092468E0,2.500000000E0
3.106710399E2,6.505591429E1,2.546041568E1,6.933975311E0,1.549999952E0,1.105999985E2,3.790092468E0,2.500000000E0
3.116717755E2,6.505590883E1,2.546044803E1,7.046895949E0,1.460000038E0,1.088000031E2,3.790092468E0,2.500000000E0
3.126717775E2,6.505590408E1,2.546047997E1,7.252955916E0,1.480000019E0,1.060999985E2,3.790092468E0,2.500000000E0
3.136715465E2,6.505589945E1,2.546051233E1,7.462800061E0,1.519999981E0,1.070999985E2,3.790092468E0,2.500000000E0
3.146709590E2,6.505589378E1,2.546054492E1,7.612952250E0,1.539999962E0,1.110000000E2,3.790092468E0,2.500000000E0
3.156716402E2,6.505588851E1,2.546057736E1,7.495220968E0,1.549999952E0,1.105999985E2,3.790092468E0,2.500000000E0
3.166717850E2,6.505588414E1,2.546061152E1,7.848802998E0,1.580000043E0,1.070000000E2,3.790092468E0,2.500000000E0
3.176715702E2,6.505588014E1,2.546064592E1,7.739372215E0,1.549999952E0,1.065000000E2,3.790092468E0,2.500000000E0
3.186718940E2,6.505587712E1,2.546067893E1,7.640133773E0,1.559999943E0,1.040999985E2,3.790092468E0,2.500000000E0
3.196710890E2,6.505587512E1,2.546071414E1,7.687440583E0,1.610000014E0,1.020999985E2,3.790092468E0,2.500000000E0
3.206715924E2,6.505587351E1,2.546074592E1,7.500005661E0,1.590000033E0,1.025999985E2,3.790092468E0,2.500000000E0
3.216710882E2,6.505587257E1,2.546077569E1,7.271249463E0,1.529999971E0,1.024000015E2,3.790092468E0,2.500000000E0
3.226715014E2,6.505587271E1,2.546080416E1,7.182141144E0,1.549999952E0,9.880000305E1,3.790092468E0,2.500000000E0
3.236717985E2,6.505587251E1,2.546083480E1,7.205765124E0,1.610000014E0,9.819999695E1,3.790092468E0,2.500000000E0
3.246711524E2,6.505587196E1,2.546086509E1,6.942401898E0,1.519999981E0,9.759999847E1,3.790092468E0,2.500000000E0
3.256716061E2,6.505587188E1,2.546089446E1,6.954184874E0,1.529999971E0,9.640000153E1,3.790092468E0,2.500000000E0
3.266715809E2,6.505587188E1,2.546092340E1,6.738428711E0,1.539999962E0,9.500000000E1,3.790092468E0,2.500000000E0
3.276710330E2,6.505587247E1,2.546095339E1,6.668058174E0,1.549999952E0,9.169999695E1,3.790092468E0,2.500000000E0
3.286716836E2,6.505587354E1,2.546098430E1,6.591095754E0,1.600000024E0,9.030000305E1,3.790092468E0,2.500000000E0
3.296713152E2,6.505587472E1,2.546101496E1,6.580722619E0,1.590000033E0,8.969999695E1,3.790092468E0,2.500000000E0
3.306716995E2,6.505587602E1,2.546104631E1,6.601660548E0,1.600000024E0,8.900000000E1,3.790092468E0,2.500000000E0
3.316712043E2,6.505587802E1,2.546107654E1,6.484353456E0,1.620000005E0,8.809999847E1,3.790092468E0,2.500000000E0
3.326717722E2,6.505588074E1,2.546110752E1,6.362285424E0,1.669999957E0,8.450000000E1,3.790092468E0,2.500000000E0
3.336714708E2,6.505588398E1,2.546113767E1,6.345258606E0,1.649999976E0,8.230000305E1,3.790092468E0,2.500000000E0
3.346716203E2,6.505588651E1,2.546116694E1,6.440963902E0,1.610000014E0,8.269999695E1,3.790092468E0,2.500000000E0
3.356715432E2,6.505588773E1,2.546119868E1,6.655749560E0,1.629999995E0,8.650000000E1,3.790092468E0,2.500000000E0
3.366715941E2,6.505588789E1,2.546123048E1,6.691031241E0,1.570000052E0,8.669999695E1,3.790092468E0,2.500000000E0
3.376713575E2,6.505588941E1,2.546126238E1,6.767083890E0,1.570000052E0,8.400000000E1,3.790092468E0,2.500000000E0
3.386715118E2,6.505589108E1,2.546128890E1,6.769161293E0,1.409999967E0,8.640000153E1,3.790092468E0,2.500000000E0
3.396715655E2,6.505589249E1,2.546131618E1,6.903196886E0,1.490000010E0,8.380000305E1,3.790092468E0,2.500000000E0
3.406709500E2,6.505589457E1,2.546134416E1,6.955140011E0,1.440000057E0,7.840000153E1,3.790092468E0,2.500000000E0
3.416713623E2,6.505589880E1,2.546137425E1,7.142885753E0,1.549999952E0,7.009999847E1,3.790092468E0,2.500000000E0
3.426712972E2,6.505590429E1,2.546140449E1,7.100101239E0,1.529999971E0,6.730000305E1,3.790092468E0,2.500000000E0
3.436714761E2,6.505590865E1,2.546143633E1,7.060796339E0,1.559999943E0,7.080000305E1,3.790092468E0,2.500000000E0
3.446718950E2,6.505591086E1,2.546147017E1,7.065498833E0,1.549999952E0,7.900000000E1,3.790092468E0,2.500000000E0
3.456713143E2,6.505591078E1,2.546150566E1,7.089794676E0,1.580000043E0,8.680000305E1,3.790092468E0,2.500000000E0
3.466717418E2,6.505590950E1,2.546154076E1,7.231766723E0,1.570000052E0,9.090000153E1,3.790092468E0,2.500000000E0
3.476713144E2,6.505590780E1,2.546157639E1,7.307027563E0,1.580000043E0,9.259999847E1,3.790092468E0,2.500000000E0
3.486718311E2,6.505590647E1,2.546161140E1,7.353662705E0,1.549999952E0,9.109999847E1,3.790092468E0,2.500000000E0
3.496712758E2,6.505590556E1,2.546164598E1,7.368376252E0,1.529999971E0,9.109999847E1,3.790092468E0,2.500000000E0
3.506717466E2,6.505590533E1,2.546168177E1,7.335787419E0,1.610000014E0,9.050000000E1,3.790092468E0,2.500000000E0
3.516716211E2,6.505590510E1,2.546171673E1,7.533789318E0,1.620000005E0,8.909999847E1,3.790092468E0,2.500000000E0
3.526710635E2,6.505590548E1,2.546175205E1,7.611246586E0,1.610000014E0,8.759999847E1,3.790092468E0,2.500000000E0
3.536713330E2,6.505590622E1,2.546178799E1,7.529646164E0,1.610000014E0,8.730000305E1,3.790092468E0,2.500000000E0
3.546716731E2,6.505590735E1,2.546182365E1,7.546800444E0,1.620000005E0,8.559999847E1,3.790092468E0,2.500000000E0
3.556711267E2,6.505590859E1,2.546186043E1,7.679067107E0,1.659999967E0,8.469999695E1,3.790092468E0,2.500000000E0
3.566714777E2,6.505590934E1,2.546189422E1,7.841912251E0,1.549999952E0,8.619999695E1,3.790092468E0,2.500000000E0
3.576718242E2,6.505590940E1,2.546192956E1,8.030941911E0,1.639999986E0,8.790000153E1,3.790092468E0,2.500000000E0
3.586711911E2,6.505590893E1,2.546196537E1,8.126527002E0,1.590000033E0,8.680000305E1,3.790092468E0,2.500000000E0
3.596715967E2,6.505591035E1,2.546200000E1,8.111759672E0,1.590000033E0,8.300000000E1,3.790092468E0,2.500000000E0
3.606709573E2,6.505591335E1,2.546203485E1,8.144477108E0,1.669999957E0,7.919999695E1,3.790092468E0,2.500000000E0
3.616713454E2,6.505591760E1,2.546206993E1,8.190804926E0,1.700000048E0,7.730000305E1,3.790092468E0,2.500000000E0
3.626714922E2,6.505592099E1,2.546210522E1,8.266063763E0,1.629999995E0,7.669999695E1,3.790092468E0,2.500000000E0
3.636709638E2,6.505592485E1,2.546213910E1,8.111646974E0,1.639999986E0,7.659999847E1,3.790092468E0,2.500000000E0
3.646714233E2,6.505592925E1,2.546217043E1,8.040237514E0,1.559999943E0,7.350000000E1,3.790092468E0,2.500000000E0
3.656718649E2,6.505593469E1,2.546220041E1,7.837662957E0,1.649999976E0,7.330000305E1,3.790092468E0,2.500000000E0
3.666715211E2,6.505593926E1,2.546222943E1,7.693926523E0,1.620000005E0,7.609999847E1,3.790092468E0,2.500000000E0
3.676716451E2,6.505594423E1,2.546225855E1,7.711688969E0,1.629999995E0,7.469999695E1,3.790092468E0,2.500000000E0
3.686710662E2,6.505595002E1,2.546228963E1,7.711934221E0,1.679999948E0,7.290000153E1,3.790092468E0,2.500000000E0
3.696714518E2,6.505595556E1,2.546232196E1,7.982748551E0,1.649999976E0,7.130000305E1,3.790092468E0,2.500000000E0
3.706709312E2,6.505596037E1,2.546235362E1,7.951744243E0,1.629999995E0,7.200000000E1,3.790092468E0,2.500000000E0
3.716713867E2,6.505596580E1,2.546238153E1,7.888634801E0,1.610000014E0,7.140000153E1,3.790092468E0,2.500000000E0
3.726715175E2,6.505597119E1,2.546240682E1,7.883020209E0,1.500000000E0,6.950000000E1,3.790092468E0,2.500000000E0
3.736716822E2,6.505597642E1,2.546243233E1,7.722986758E0,1.580000043E0,7.119999695E1,3.790092468E0,2.500000000E0
3.746718264E2,6.505598115E1,2.546245916E1,7.637355497E0,1.639999986E0,7.390000153E1,3.790092468E0,2.500000000E0
3.756717890E2,6.505598546E1,2.546248721E1,7.468899823E0,1.669999957E0,7.380000305E1,3.790092468E0,2.500000000E0
3.766709280E2,6.505599119E1,2.546251656E1,7.447294328E0,1.639999986E0,7.109999847E1,3.790092468E0,2.500000000E0
3.776711610E2,6.505599642E1,2.546254780E1,7.338653096E0,1.659999967E0,7.419999695E1,3.790092468E0,2.500000000E0
3.786711899E2,6.505599991E1,2.546257916E1,7.072358740E0,1.649999976E0,7.690000153E1,3.790092468E0,2.500000000E0
3.796715395E2,6.505600374E1,2.546261164E1,7.041599042E0,1.649999976E0,7.650000000E1,3.790092468E0,2.500000000E0
3.806710016E2,6.505600708E1,2.546264308E1,7.024816472E0,1.620000005E0,7.730000305E1,3.790092468E0,2.500000000E0
3.816715204E2,6.505600976E1,2.546267500E1,6.889198759E0,1.620000005E0,7.730000305E1,3.790092468E0,2.500000000E0
3.826709306E2,6.505601230E1,2.546270788E1,6.728434720E0,1.590000033E0,7.859999847E1,3.790092468E0,2.500000000E0
3.836718588E2,6.505601513E1,2.546274345E1,6.777082479E0,1.669999957E0,7.859999847E1,3.790092468E0,2.500000000E0
3.846712356E2,6.505601804E1,2.546277985E1,6.928147290E0,1.649999976E0,8.030000305E1,3.790092468E0,2.500000000E0
3.856717546E2,6.505602030E1,2.546281734E1,6.908863347E0,1.649999976E0,8.140000153E1,3.790092468E0,2.500000000E0
3.866713039E2,6.505602269E1,2.546285329E1,6.868399990E0,1.600000024E0,8.080000305E1,3.790092468E0,2.500000000E0
3.876710119E2,6.505602437E1,2.546289118E1,6.899165143E0,1.639999986E0,8.259999847E1,3.790092468E0,2.500000000E0
3.886715505E2,6.505602467E1,2.546292893E1,6.945860989E0,1.629999995E0,8.619999695E1,3.790092468E0,2.500000000E0
3.896710684E2,6.505602476E1,2.546296601E1,7.014468464E0,1.559999943E0,8.700000000E1,3.790092468E0,2.500000000E0
3.906715556E2,6.505602612E1,2.546300392E1,6.951117532E0,1.620000005E0,8.150000000E1,3.790092468E0,2.500000000E0
3.916710138E2,6.505602901E1,2.546304275E1,6.894541011E0,1.620000005E0,8.150000000E1,3.790092468E0,2.500000000E0
3.926718997E2,6.505603637E1,2.546307608E1,6.893260027E0,1.679999948E0,7.509999847E1,3.790092468E0,2.500000000E0
3.936711034E2,6.505604061E1,2.546310494E1,6.707226346E0,1.519999981E0,8.369999695E1,3.790092468E0,2.500000000E0
3.946716649E2,6.505604109E1,2.546312886E1,6.506301004E0,1.450000048E0,9.219999695E1,3.790092468E0,2.500000000E0
3.956710050E2,6.505604069E1,2.546315030E1,6.593766847E0,1.419999957E0,9.359999847E1,3.790092468E0,2.500000000E0
